{
    "accuracy": 0.956140350877193,
    "f1_score": 0.9659863945578231,
    "roc_auc": 0.9907407407407407,
    "precision": 0.9466666666666667,
    "recall": 0.9861111111111112,
    "best_params": {
        "learning_rate": 0.1,
        "max_depth": 3,
        "n_estimators": 100
    }
}